<?xml version="1.0" encoding="UTF-8"?>
<beans:beans xmlns="http://www.springframework.org/schema/mvc"
	xmlns:xsi="http://www.w3.org/2001/XMLSchema-instance"
	xmlns:beans="http://www.springframework.org/schema/beans"
	xmlns:context="http://www.springframework.org/schema/context"
	xsi:schemaLocation="http://www.springframework.org/schema/mvc http://www.springframework.org/schema/mvc/spring-mvc.xsd
		http://www.springframework.org/schema/beans http://www.springframework.org/schema/beans/spring-beans.xsd
		http://www.springframework.org/schema/context http://www.springframework.org/schema/context/spring-context.xsd">

	<!-- DispatcherServlet Context: defines this servlet's request-processing infrastructure -->
	
	<!-- Enables the Spring MVC @Controller programming model -->
	<annotation-driven />

	<!-- Handles HTTP GET requests for /resources/** by efficiently serving up static resources in the ${webappRoot}/resources directory -->
	<resources mapping="/resources/**" location="/resources/" />
	

	<!-- Resolves views selected for rendering by @Controllers to .jsp resources in the /WEB-INF/views directory -->
	<beans:bean class="org.springframework.web.servlet.view.InternalResourceViewResolver">
		<beans:property name="prefix" value="/WEB-INF/views/" />
		<beans:property name="suffix" value=".jsp" />
	</beans:bean>
	
	<context:component-scan base-package="kr.co.moebius" />
	
	<!-- propertise 위치 연결(파일업로드를 위해 사용) -->
	<context:property-placeholder location="/WEB-INF/*.properties"/>
	
	<!-- oxm -->
	<beans:bean
		class="org.springframework.web.servlet.mvc.annotation.AnnotationMethodHandlerAdapter">
		<beans:property name="messageConverters">
			<beans:list>
				<beans:ref bean="jsonConverter" />
				<beans:ref bean="marshallingConverter" />
			</beans:list>
		</beans:property>
	</beans:bean>
	
	<beans:bean id="jsonConverter"
		class="org.springframework.http.converter.json.MappingJacksonHttpMessageConverter">
		<beans:property name="supportedMediaTypes" value="application/json" />
	</beans:bean>

	<beans:bean id="marshallingConverter"
		class="org.springframework.http.converter.xml.MarshallingHttpMessageConverter">
		<beans:constructor-arg ref="jaxbMarshaller" />
		<beans:property name="supportedMediaTypes" value="application/xml" />
	</beans:bean>



 	<beans:bean id="jaxbMarshaller"
		class="org.springframework.oxm.jaxb.Jaxb2Marshaller">
		<beans:property name="classesToBeBound">
			<beans:list>
				<beans:value>kr.co.moebius.user.UserVO</beans:value>
			</beans:list>
		</beans:property>
	</beans:bean>
	
	<beans:bean
		class="org.springframework.web.servlet.view.ContentNegotiatingViewResolver">
		<beans:property name="mediaTypes">
			<beans:map>
				<beans:entry key="json" value="application/json" />
				<beans:entry key="xml" value="text/xml" />
				<beans:entry key="htm" value="text/html" />
				<beans:entry key="html" value="text/html" />
			</beans:map>
		</beans:property>
		<beans:property name="defaultContentType" value="text/html"></beans:property>
	</beans:bean>
</beans:beans>
