<?xml version="1.0" encoding="UTF-8"?>
<beans xmlns="http://www.springframework.org/schema/beans"
	xmlns:xsi="http://www.w3.org/2001/XMLSchema-instance"
	xsi:schemaLocation="http://www.springframework.org/schema/beans http://www.springframework.org/schema/beans/spring-beans.xsd">
	
	<!-- Root Context: defines shared resources visible to all other web components -->
		
		<!-- 파일 업로드시 resolver -->
		<bean id="multipartResolver" class="org.springframework.web.multipart.commons.CommonsMultipartResolver">
			<property name="defaultEncoding" value="UTF-8" />
			<property name="maxUploadSize" value="10485760"/>
		</bean>
		
		<!-- 업로드시 파일 용량 초과될 때... -->
		<bean id="exceptionResolver" class="org.springframework.web.servlet.handler.SimpleMappingExceptionResolver">
			<property name="exceptionMappings">
				<props>
					<prop key="org.springframework.web.multipart.MaxUploadSizeExceededException">
					exception/maxUploadSizeExceededException
					</prop>
				</props>
			</property>
		</bean>
		
		<!-- DataBase connection -->
		<bean id="dataSource" class="org.springframework.jdbc.datasource.DriverManagerDataSource" >
			<property name="driverClassName" value="net.sf.log4jdbc.DriverSpy" />
			<property name="url" value="jdbc:log4jdbc:oracle:thin:@localhost:1521:xe" />
			<property name="username" value="oraclejava" />
			<property name="password" value="oraclejava" />
		</bean>
		
		<!-- spring jdbc -->
		<bean id="jdbcTemplate" class="org.springframework.jdbc.core.JdbcTemplate">
			<property name="dataSource" ref="dataSource" />
		</bean>
				
		<!-- mybatis start -->
		<bean id="sqlSessionFactory" class="org.mybatis.spring.SqlSessionFactoryBean" >
			<property name="dataSource" ref="dataSource" />
			<property name="typeAliasesPackage" value="kr.co.moebius" />
		</bean>

		<!-- user Mapper -->
		<bean id="UserMapper" class="org.mybatis.spring.mapper.MapperFactoryBean">
			<property name="mapperInterface" value="kr.co.moebius.user.UserMapper" />
			<property name="sqlSessionFactory" ref="sqlSessionFactory" />
		</bean>
		
		<!-- board Mapper -->
		<bean id="BoardMapper" class="org.mybatis.spring.mapper.MapperFactoryBean">
			<property name="mapperInterface" value="kr.co.moebius.board.BoardMapper" />
			<property name="sqlSessionFactory" ref="sqlSessionFactory" />
		</bean>
		
		<!-- movie Mapper -->
		<bean id="MovieMapper" class="org.mybatis.spring.mapper.MapperFactoryBean">
			<property name="mapperInterface" value="kr.co.moebius.movie.MovieMapper" />
			<property name="sqlSessionFactory" ref="sqlSessionFactory" />
		</bean>
		
		<!-- comment Mapper -->
		<bean id="CommentMapper" class="org.mybatis.spring.mapper.MapperFactoryBean">
			<property name="mapperInterface" value="kr.co.moebius.comment.CommentMapper" />
			<property name="sqlSessionFactory" ref="sqlSessionFactory" />
		</bean>
</beans>
