<?xml version="1.0" encoding="UTF-8" ?>

<!DOCTYPE mapper      
    PUBLIC "-//mybatis.org//DTD Mapper 3.0//EN"      
    "http://mybatis.org/dtd/mybatis-3-mapper.dtd">

<mapper namespace="kr.co.moebius.movie.MovieMapper">
<insert id="insertAction" parameterType="MovieVO">
INSERT INTO m_movie(movie_no, movie_title, movie_directer,
				movie_genre, movie_nation, movie_runningtime, 
				movie_actor, movie_story, movie_poster, 
				movie_sdate, movie_grade, movie_edate, user_id)
VALUES(seq_movie_no.nextval, #{movie_title}, #{movie_directer},
		#{movie_genre}, #{movie_nation}, #{movie_runningtime}, 
		#{movie_actor}, #{movie_story},	#{movie_poster}, 
		#{movie_sdate}, #{movie_grade},	#{movie_edate}, #{userVO.user_id} )
</insert>

<select id="search" resultType="MovieVO">
SELECT movie_no, movie_title, movie_directer, movie_genre, movie_nation, movie_runningtime,
		movie_actor, movie_poster, movie_sdate, movie_grade, movie_edate
FROM m_movie
</select>

<select id="detail" parameterType="int" resultType="MovieVO">
SELECT *
FROM m_movie
WHERE movie_no = #{movie_no}
</select>

<select id="ranking" resultType="MovieVO">
SELECT movie_no, movie_title, movie_directer, movie_genre, movie_nation, movie_runningtime,
		movie_actor, movie_poster, movie_sdate, movie_grade, movie_edate
FROM m_movie
ORDER BY movie_count DESC
</select>	
</mapper>